text,score,label
beauti âœ¨,0.0,NEUTRAL
ğŸ‘‡ğŸ¥°ğŸ‘‡ğŸŒ¹ğŸ‘‡ğŸ™ğŸ‘‡ğŸ’ğŸ‘‡ğŸ¤©ğŸ‘‡,0.0,NEUTRAL
â¬…âœ¨,0.0,NEUTRAL
â¬…âœ¨,0.0,NEUTRAL
â¬…âœ¨ morn â£ worri happy ğŸ‘§ğŸ¼,0.5719,POSITIVE
friendsâ¤ ğŸ‘ ğŸ”¥ happen ğŸŒ´ ğŸ’‹m ğŸ’‹now first ğŸŠ dad bring home cook food mom bring ice cream ğŸ·mak happen ğŸŒ´ morn â£ shadow love sun ğŸŒğŸ– ğŸ’‹m ğŸ’‹now day ğŸ‘  shenanigan great musicâ˜€ğŸŒ´ğŸ¶â¤ ğŸˆ awesom trend music game,0.8519,POSITIVE
funny exicting challenge,0.4939,POSITIVE
check out ğŸ‘‰til hopğŸ‘ˆ,0.0,NEUTRAL
feel good ğŸ™Š suddenlyğŸ˜Š âœŒğŸ‘§ğŸ¼ ğŸˆ beyond ğŸ™ˆğŸ™‰ğŸ™Š feel good ğŸ™Š come back summer ğŸ˜”ğŸ– feel good ğŸ™Š gorgeou ella mai shell help ea lockdown naughti privat content ğŸ˜‰ first ğŸŠ rt voic power,0.886,POSITIVE
video work ğŸˆ degre ğŸ˜ feel good ğŸ™Š honor â¤â¤â­,0.7269,POSITIVE
buy link,0.0,NEUTRAL
happen ğŸŒ´ limit donald trump for one knows due sale nacot rawr xd fad  ğŸŒ¹ ğŸ» ğŸŒº ğŸ­ â¬† ğŸ‘ˆ ğŸ’“ ğŸš• ğŸ’± ğŸ¯ ğŸƒ ğŸªc ğŸ‘Ÿ self spain,0.6908,POSITIVE
awesom trend music game,0.0,NEUTRAL
funny exicting challenge,0.4939,POSITIVE
check out ğŸ‘‰til hopğŸ‘ˆ,0.0,NEUTRAL
pic men also skip ğŸ¤¤ğŸ’™ love sun ğŸŒğŸ– work ğŸˆ ğŸ€ğŸ€ self spain,0.6369,POSITIVE
ğŸ¦ğŸ«ğŸ¬ğŸ­ ğŸ˜‰ decid fli ğŸ•Š love crazi ğŸ’ƒ ğŸ‘Ÿ pride love easi make hard ğŸŒˆ feel good ğŸ™Š differ everi wayğŸ‘± ğŸ³ï¸â€ğŸŒˆto continu fight lgbtq rights memori two late great friend sundayğŸ’Ÿ differ everi wayğŸ‘± feel good ğŸ™Š happen ğŸŒ´ day ğŸ‘  allow fear destroy you maintain reduc ğŸ’”,0.9442,POSITIVE
â¡ im weak shit get cri so tho,-0.7579,NEGATIVE
ğŸ“¡ğŸ“¡ğŸ“¡ first ğŸŠ truth out crisi current plagu penalti rate perhap due sale weapon smal freshğŸ˜,0.0258,NEUTRAL
naturalğŸ˜˜ğŸ˜˜ğŸ˜˜ğŸ˜˜,0.0,NEUTRAL
get sleep like this ğŸ’ shadow ğŸ‘Ÿ differ would life think ouija evilğŸ‘» fall,0.3612,POSITIVE
love sun ğŸŒğŸ– tree sunday rise ğŸŒ´ ğŸˆ ğŸ”¥ differ everi wayğŸ‘± yourself,0.6369,POSITIVE
new normal long last cope it globeshowingamericas,0.0,NEUTRAL
â¡ â¬…,0.0,NEUTRAL
ğŸ˜‰ shop today women tank tops tshirts long sleeves sweatshirts,0.5106,POSITIVE
ğŸ”— shop,0.0,NEUTRAL
ğŸ‘ lil bro ğŸ’¯ congratshi babi ğŸ’“ğŸ˜ die hair blue post fans,-0.5994,NEGATIVE
âœ¨check out,0.0,NEUTRAL
worri happy ğŸ‘§ğŸ¼,0.5719,POSITIVE
queen kingsğŸ’œ love crazi ğŸ’ƒ let bi girl date boy ğŸ™„dont make plan next saturday,0.6369,POSITIVE
ğŸ©¸,0.0,NEUTRAL
ğŸ“º ğŸ“¼ ğŸ³ï¸â€ğŸŒˆ ireland well way celebr pride ğŸ³ï¸â€ğŸŒˆ parti home parents,0.5423,POSITIVE
couldnt ask inevit malcom turnbul last decad due dog grog  angeri  â›ª ğŸ‘  âš  ğŸ’ ğŸ© ğŸ’ âœŠ japanesereservedbutton japanesenotfreeofchargebutton ğŸ‘œ ğŸ˜¾ ğŸ”´ shhhhhhhhh listen ğŸ¸ğŸ’•ğŸ’—ğŸ˜ğŸ¥°ğŸ˜â›ºğŸ‰ğŸŒˆâ†˜â†˜â†˜check fixi road truest best friend let use wd dont go creepi michigan basement ğŸ™ğŸ¾what awesom trend music game,0.9325,POSITIVE
funny exicting challenge,0.4939,POSITIVE
check out ğŸ‘‰til hopğŸ‘ˆ,0.0,NEUTRAL
photo by joseph hillğŸ™‚ğŸ“¸ğŸŒ¼,0.0,NEUTRAL
cock rates well rate cock ğŸ†ğŸ† â¤ğŸ–¤ codi pixar ğŸ˜ awesom trend music game,-0.0258,NEUTRAL
funny exicting challenge,0.4939,POSITIVE
check out ğŸ‘‰til hopğŸ‘ˆ,0.0,NEUTRAL
short stream minut bed back play ğŸ¤”,0.34,POSITIVE
e,0.0,NEUTRAL
check read new post nowğŸ‘‡ rememb bawl eye drop ğŸ˜­ğŸ¥ºshort words,-0.2732,NEUTRAL
ğŸ¤”ğŸ¤”ğŸ¤”ğŸ¤”,0.0,NEUTRAL
hour late night phone call guy besti âœ¨ make tell problem easi,-0.4019,NEGATIVE
still pick flower mom year later,0.0,NEUTRAL
ğŸ’â¤ğŸ’â¤ğŸ’,0.0,NEUTRAL
sunday ğŸ’ğŸ¼â€â™€ï¸â˜• quot never fade,0.0,NEUTRAL
there will there way happi sunday friend famili ğŸ‘ğŸ½ duo bitch would like see ğŸ˜˜â¤,0.2263,NEUTRAL
â¡ likeâ¡ comment,0.0,NEUTRAL
â–â–â–â– food eatğŸ™,0.0,NEUTRAL
glori god ğŸ™‡,0.2732,NEUTRAL
â¡ likeâ¡ comment,0.0,NEUTRAL
â–â–â–â– free invinc ğŸ’‹,0.5106,POSITIVE
ğŸŒˆ,0.0,NEUTRAL
though year look different im thank abl proudli express ive get find this im retir mother rel reside â¤ â¡ likeâ¡ comment,0.3612,POSITIVE
â–â–â–â– â¡ likeâ¡ comment,0.0,NEUTRAL
â–â–â–â– ive get find this im retir mother rel reside start yours ğŸ‘½ğŸ›¸,0.0,NEUTRAL
bet downfal paulin hanson gener fault new arnott shape rawr hear â¡ likeâ¡ comment,-0.4019,NEGATIVE
â–â–â–â– earli birthday celebr bestiesâ£ get find this im retir mother rel reside sad e,-0.4767,NEGATIVE
check read new post nowğŸ‘‡ de blasio doing ğŸ¤¦ğŸ¾â€â™€ï¸ wonder timelin sooo quiet ğŸ˜‚ awesom earli birthday garden party family love allğŸ¥°ğŸ‰ â¡ likeâ¡ comment,0.7845,POSITIVE
â–â–â–â– plea drop yuh knee ğŸ”¥ğŸ”¥ğŸ”¥ğŸ”¥,-0.2732,NEUTRAL
short screen record live video last night ğŸ˜ˆ go live week least hour fan lo live podcast black live matter famili lie ğŸ˜i finish watch two season two day ğŸ˜‚ğŸ˜‚ want million hous la hill ğŸ˜‚ğŸ˜‚ğŸ¤¦ğŸ¼â€â™€ï¸ alien pie new designs amazedğŸ‘•womansclothesğŸ˜ link bioğŸ¤—,0.4019,POSITIVE
cant stop ğŸ¶  get hers get yours care mainten kit custom suit that ğŸ¤ğŸ¾ proud you work donethank good friend great memories ğŸ‰,0.9544,POSITIVE
bio âŒâ¯ğŸ’ªğŸ¾ğŸ’œ,0.0,NEUTRAL
thank beauti day god good time â¤ğŸ™ğŸ¾ğŸ™ŒğŸ¾ğŸ˜·got call wear mask proud itğŸ™Œ one save know media bias view rapecultur overal unfortun result malcolm turnbul experience â¤ â¤ â¤,0.9081,POSITIVE
success busi nice gentlemanâ˜º,0.7579,POSITIVE
loveğŸ’— â¤â˜€croatiağŸ–ğŸ¤—ğŸ˜˜ğŸ˜ğŸ’â˜€ğŸ’šğŸ–croatiağŸ¡,0.0,NEUTRAL
day summer ğŸ˜ğŸğŸ• ğŸ© ğŸ§œâ€â™€ï¸ great live people success ğŸ‘ˆğŸ‘ˆğŸ‘ˆ,0.8316,POSITIVE
love ğŸ¤ encourag enjoy simpl thing life,0.8126,POSITIVE
pride lovers straight lgbtq one love loveâ¤ğŸ’›ğŸ’šğŸ’™ğŸ’œğŸ¤,0.8979,POSITIVE
make whisker too st time far ğŸ˜‰,0.0,NEUTRAL
ğŸ“¸ ğŸ˜‡ ğŸ˜ ğŸ˜ğŸ‘ ğŸ™ğŸ» ğŸ‘â¤ğŸ’›ğŸ’œğŸ§¡ğŸ’šğŸ’™ğŸ–¤ğŸ’“ğŸ’—ğŸ’–ğŸ’˜ğŸ’ğŸ’ğŸ’•         break wont break bond brother âœŠğŸ¼ damn ur funnycraziest shit ive read twitter todayrefriger breaks holi fuck ğŸ¤£ğŸ¤£veilfal âœadron,-0.8689,NEGATIVE
sword sorceri love stori,0.6369,POSITIVE
ğŸğŸ juli st,0.0,NEUTRAL
day lil shop morn beauti mommi ğŸ˜˜â¤ğŸ™ğŸ¾beauti dakotakuhn wear popular poppi redâ¤ contacts contact avail prescript kill viru right,-0.4404,NEGATIVE
right,0.0,NEUTRAL
ğŸ¦— ğŸ¦— ğŸ¦—ğŸ‘†follow friendsğŸ‘‡,0.0,NEUTRAL
thought two ğŸ¤”,0.0,NEUTRAL
guess one thing stand fill mani emotions â¤ happi ğŸ’follow â¡ likeâ¡ comment,0.0,NEUTRAL
â–â–â–â– reason agre watch mad maxâ¤ğŸ¤ªğŸ¥°ğŸ˜ğŸ¤©,-0.4939,NEGATIVE
late documentari roswel friend place ğŸ‘½ğŸ›¸,0.4939,POSITIVE
â¡ likeâ¡ comment,0.0,NEUTRAL
â–â–â–â– strength success failures,0.5994,POSITIVE
ğŸ’ª touch bt turn goldğŸ’›ğŸ’›ğŸ’›ğŸ’œğŸ’œğŸ’œâ¤â¤ğŸ’—ğŸ’™ğŸ’™ â¡ likeâ¡ comment,0.0,NEUTRAL
â–â–â–â– averag encount polic halifax canada,0.0,NEUTRAL
ğŸ˜‚ğŸ¤£,0.0,NEUTRAL
draw queen anna meet beard han cell southern islesart prompt tumblr ,0.0,NEUTRAL
hope â¡ likeâ¡ comment,0.4404,POSITIVE
â–â–â–â– â¡ likeâ¡ comment,0.0,NEUTRAL
â–â–â–â– need love â¤,0.6369,POSITIVE
get call eminem chang rest life ğŸš€ğŸš€ğŸš€ğŸš€ review ken stark jitters,0.0,NEUTRAL
read sleepğŸ˜,0.0,NEUTRAL
done done ğŸ˜Š,0.0,NEUTRAL
wolfi sound ğŸº relat huskysğŸ˜ŠğŸ¥°ğŸ˜ƒnew video stay motivatedğŸ’ªkeep fight ğŸ¥Š,-0.3818,NEGATIVE
take one step time,0.0,NEUTRAL
cock rates well rate cock ğŸ†ğŸ† awesom trend music game,-0.0258,NEUTRAL
funny exicting challenge,0.4939,POSITIVE
check out ğŸ‘‰til hopğŸ‘ˆ,0.0,NEUTRAL
awesom trend music game,0.0,NEUTRAL
funny exicting challenge,0.4939,POSITIVE
check out ğŸ‘‰til hopğŸ‘ˆ,0.0,NEUTRAL
s broadcast sunday ğŸ’ğŸ¼â€â™€ï¸â˜• alien pie new designs amazedğŸ‘•womansclothesğŸ˜ link bioğŸ¤—,0.0,NEUTRAL
treat mama good ğŸ’•,0.6808,POSITIVE
way spend sunday ğŸ¥° time ğŸ’œğŸ¬,0.0,NEUTRAL
make whisker too st time far ğŸ˜‰,0.0,NEUTRAL
ğŸ“¸ know ğŸ’– ğŸŒˆ zilker mummi love explor day ğŸŒˆğŸ’™ ğŸ˜okhandi believ lindağŸ˜‰ play woman show,0.765,POSITIVE
holland netherlands year ago day,0.0,NEUTRAL
dom like dublin ireland ğŸ˜­anyon cock rates well rate cock ğŸ†ğŸ† ğŸ¦¸â™‚ â­â­â­â­â­ review bizdoc beauti old style gift friend love it quick ship highli recommend day left yessirğŸ”¥ live heart live bodi ğŸ’•,0.9349,POSITIVE
good night everyon ğŸ’•,0.4404,POSITIVE
big henrijun gloom la make all lowkey  cmon â˜€ see true colors that love ğŸŒˆ,0.5267,POSITIVE
ğŸŒˆ,0.0,NEUTRAL
blackwhit issue celebr travel ğŸ™ƒ,0.0,NEUTRAL
photograph raylenesunris morganmakingainz â¤,0.0,NEUTRAL
cock rates well rate cock ğŸ†ğŸ† babi ğŸ˜ğŸ fluidwavi,-0.0258,NEUTRAL
cock rates well rate cock ğŸ†ğŸ† babi ğŸ˜ğŸ fluidwavi,-0.0258,NEUTRAL
believ month ago ğŸ’stil alway thank marri best friend â¤ one mon babi ğŸ˜ğŸ fluidwavi,0.872,POSITIVE
one boob look goodğŸ˜‹,0.0,NEUTRAL
still pot soup lolz ğŸ˜‚ğŸ˜‚ğŸ˜‚ğŸ˜…,0.5719,POSITIVE
back,0.0,NEUTRAL
ğŸ‘‡ğŸ‘‡ğŸ‘‡ğŸ‘‡ğŸ‘‡ğŸ‘‡,0.0,NEUTRAL
award k grant def help lot ğŸ™ŒğŸ¾ğŸ™ğŸ¾ liter make joke autocorrect switch tag both trending,0.872,POSITIVE
oh well ğŸ¤·â€â™‚ï¸lov building would love go top one day get view ğŸ˜,0.7964,POSITIVE
guy,0.0,NEUTRAL
enjoy video call herâ¤,0.4939,POSITIVE
lit ğŸ”¥how today guys im feel bit horni right lolğŸ’Ÿ as âœ¨,0.0,NEUTRAL
ğŸ‘‡ğŸ¥°ğŸ‘‡ğŸŒ¹ğŸ‘‡ğŸ™ğŸ‘‡ğŸ’ğŸ‘‡ğŸ¤©ğŸ‘‡,0.0,NEUTRAL
â¬…âœ¨,0.0,NEUTRAL
â¬…âœ¨,0.0,NEUTRAL
â¬…âœ¨,0.0,NEUTRAL
video completo en igtv ğŸ’œ,0.0,NEUTRAL
tri fine small sen come followğŸ‘½subscrib channel â¤ new post daily ğŸ’ªğŸ‹ğŸ’¦ live found link bio â™¥â™¥ mantra âœ¨,0.2023,NEUTRAL
charact page scenixtheentertain ğŸ’ƒ,0.0,NEUTRAL
tell himğŸ¤”can take moment appreci perfect roasti ğŸ¥°ğŸ˜ğŸ˜‹ğŸ’šğŸŒ± thank time ğŸ¤­ğŸ¤­ğŸ¥° strength family like strength army loyalti other,0.9337,POSITIVE
mario puzo,0.0,NEUTRAL
th âœ¨,0.0,NEUTRAL
keep smile ğŸ¥°,0.3612,POSITIVE
pride  â™¥ğŸ§¡ğŸ’›ğŸ’šğŸ’™ğŸ’œ style team repres strong love acceptance equal inclus ğŸŒˆâœ¨ love work three day week god know everyth el get done ğŸ¤·ğŸ»â€â™€ï¸ğŸ˜¬ spot left free trial ğŸ’¦,0.9702,POSITIVE
month subscript ride morning explor â¤ one front â¤ğŸ˜ go vegan,0.0,NEUTRAL
also everyon el ğŸ˜€ğŸ‘ğŸŒ±globeshowingeuropeafricaâœŒğŸ’š,0.0,NEUTRAL
new spacesav way store cutleri drawer,0.0,NEUTRAL
ğŸ˜ get ğŸ‘‰ time yourself cant fill anyon else cup emptyğŸ•‰ loveğŸ’— â¤â˜€croatiağŸ–ğŸ¤—ğŸ˜˜ğŸ˜ğŸ’â˜€ğŸ’šğŸ–croatiağŸ¡,0.0,NEUTRAL
beautyğŸ–¤,0.0,NEUTRAL
round polandpolish presidenti elect give hope change duda vs trzaskowski juli th awesom trend music game,0.4404,POSITIVE
funny exicting challenge,0.4939,POSITIVE
check out ğŸ‘‰til hopğŸ‘ˆ,0.0,NEUTRAL
guys im new here plea subscrib onlyfan content â¤ know right now ğŸ’¯ğŸ˜globeshowingamericasğŸŒ´ğŸ¤ğŸ¬â¤yes someth desper wrong arcadia falls like noth anyon ever see before,-0.1531,NEUTRAL
ğŸ‘‰ sweati ğŸ¥µ but good side summer day bring clingi tee ğŸ‘€ğŸ‘€ğŸ‘€,0.5927,POSITIVE
retweet ill restğŸ˜ˆ pussi liter drippin ğŸ™ˆ send tell would ğŸ˜˜ pic welcom ğŸ¤¤ girl prefe collect ğŸ‘‘ inherit hope wear beauti insects winds breeze beauti mean ğŸŒ sun peac nudes dm meğŸ’¦,0.0258,NEUTRAL
celebr,0.0,NEUTRAL
fli meğŸ˜‰,0.0,NEUTRAL
year day,0.0,NEUTRAL
altern earthhang mah brother niec today plu gotta tsunamiğŸŒŠ feel affect productivity,0.0,NEUTRAL
read ğŸ‘‰,0.0,NEUTRAL
though iv never type celebr it im definit vibe w birthday love ğŸ˜ğŸ˜ readi moniqu ğŸŒˆğŸ’™ğŸ’šğŸ’›ğŸ§¡â¤ğŸ’œğŸ–¤ support moniquesbraidingcollc awesom trend music game,0.7845,POSITIVE
funny exicting challenge,0.4939,POSITIVE
check out ğŸ‘‰til hopğŸ‘ˆ,0.0,NEUTRAL
summer heat swimsuit fun btw hottest content join onlyfansğŸ”»,0.6705,POSITIVE
ğŸ”¥ ğŸ”¥ get coupl slick comment last time told truth lol yall ok warner,0.743,POSITIVE
fan hyderabad â¤check twitter differ social see post daddyğŸ’¦,0.3182,POSITIVE
steve get well truli fuck ğŸ‘ğŸ˜‚ğŸ¦Œmodest performanceact wear available onlin platform come soon ğŸ’–âœ¨,-0.34,NEGATIVE
âœ¨âœ¨,0.0,NEUTRAL
ğŸ¥°ğŸ•ŠğŸŒ¿ğŸ’ğŸ’—ğŸ’ğŸŒ¿ğŸ¶globeshowingamericasğŸŒâœ¨,0.0,NEUTRAL
ğŸ™ ğŸ’ âœ¨ prerecord broadcast that rightw stream episod titled exactli,0.0,NEUTRAL
ğŸ“· ğŸŒ¿ toparrow ğŸ toptag bet media onesid view toni jone larg provid conclus evid queensland xd awesom trend music game,0.5859,POSITIVE
funny exicting challenge,0.4939,POSITIVE
check out ğŸ‘‰til hopğŸ‘ˆ,0.0,NEUTRAL
belong ğŸ³ï¸â€ğŸŒˆ,0.0,NEUTRAL
lip,0.0,NEUTRAL
bodi tight wrap two,0.0,NEUTRAL
dream come true,0.5859,POSITIVE
âœobuttonbloodtypeabuttonbloodtypeobuttonbloodtype,0.0,NEUTRAL
ğŸ˜‹ as worship violet starr anal toy four finger ğŸ˜,0.296,NEUTRAL
âœ¨ âœ¨,0.0,NEUTRAL
like me ğŸ˜„but cardio ğŸ¤·â€â™€ï¸let roller skate ğŸ’ªğŸ½ğŸ’ƒğŸ¼âœŒğŸ½ğŸ˜‰ get gcse graduat first class anyth possibl trust me ğŸ“ handsom look man ğŸ˜ğŸ˜‰ğŸ˜‹,0.7003,POSITIVE
super interest ufo documentari wer watching,0.7845,POSITIVE
ğŸ‘½ğŸ›¸ğŸ‘,0.0,NEUTRAL
goe ğŸ¶ saddest thing pillari overthrown provid conclus evid socialist revolut love brasil,0.0516,NEUTRAL
ğŸ˜â¤brazil,0.0,NEUTRAL
fave sunglass snap part â˜€ guy amaz sundayğŸ’™ babi ğŸ˜ğŸ fluidwavi,0.4404,POSITIVE
ummmm face please ğŸ˜ğŸ˜¢ğŸ˜­ğŸ¥µğŸ¤¯ğŸ¤¤ğŸ’¦ğŸ†ğŸ‘ğŸ« bawb ğŸ˜ŠğŸŒˆ thank everyon school loveğŸ’— â¤â˜€croatiağŸ–ğŸ¤—ğŸ˜˜ğŸ˜ğŸ’â˜€ğŸ’šğŸ–croatiağŸ¡,0.5859,POSITIVE
meet patti ğŸ’œğŸ’›ğŸ’œğŸ’› thank posit uplift spirity hope,0.6597,POSITIVE
ğŸ’¯,0.0,NEUTRAL
feel ğŸ˜am sure sheep like realli nigga dont dat ğŸ˜‚ğŸ˜‚ğŸ˜‚ğŸ˜‚ğŸ˜‚,0.5859,POSITIVE
absolut bangon globeshowingamericas free ship worldwid,0.5106,POSITIVE
cant proclaim found friend  apt ğŸ’š thank sharing debbie good afternoon ğŸ˜Š awesom trend music game,0.678,POSITIVE
funny exicting challenge,0.4939,POSITIVE
check out ğŸ‘‰til hopğŸ‘ˆ,0.0,NEUTRAL
good bad ğŸ˜…âš”ğŸ˜,-0.1531,NEUTRAL
get mad like he mad ğŸ˜‰ğŸ¤£,-0.5994,NEGATIVE
littl sluggish  snail one ğŸ¤£ğŸ¤ª,-0.4019,NEGATIVE
repost stuffifoundinterest,0.0,NEUTRAL
ğŸ˜³ğŸ˜³ğŸ˜‚ğŸ˜‚ atlanta georgia good ğŸ˜Œ ğŸ‘ğŸ’« ğŸ„trip taught valuabl lesson loveh frequenc high all vor trust this thing prevent franc last decad due great great time catch boy sarasota ğŸ˜ğŸ’ª prolaps interraci fuck ğŸŒ¹,0.9001,POSITIVE
â–¶ watch full video,0.0,NEUTRAL
sleep night much suffer world ğŸ’”,-0.5423,NEGATIVE
listen full mix inyourmix ğŸ‘‰ god everyday  ğŸ™ğŸ¾ sell custom video photos make dream come true tell want see ğŸ¥³â­ boys leo filthi home make vid page click link â¡ â¬… funğŸ˜‰ğŸ˜œğŸ˜˜,0.7351,POSITIVE
snap tetasrica ğŸ‘» wanna buy ğŸ¤‘,0.0,NEUTRAL
ğŸ³ï¸â€ğŸŒˆ month beauti colors magnific creations kaleidoscop life chanc sale end tomorrow ğŸ˜²,0.7096,POSITIVE
best new salon qualiti nail kit offğŸ˜,0.6369,POSITIVE
shop ğŸ‘‰ media love affair toni jone today could due sale baguett xd sad  ğŸ”£ ğŸŒ‹ ğŸ™‰ â¤´ ğŸ’§ japanesediscountbutton japanesefreeofchargebutton ğŸ”¤ ğŸš“ ğŸš¡ â­ âš¡it monday let go smash week ğŸ™ŒğŸ¼ğŸ™ŒğŸ¼,0.7096,POSITIVE
ğŸš€,0.0,NEUTRAL
speak louder words look everyone eye today ğŸ‘ğŸ‘,0.0,NEUTRAL
sfw nsfw,0.0,NEUTRAL
plea check out,0.0,NEUTRAL
big thank yomi,0.3612,POSITIVE
ğŸš«no co get someth chang,0.0,NEUTRAL
recommend accessoir pont de dcorat aquarium et maison proud â¤ğŸ§¡ğŸ’›ğŸ’šğŸ’™ğŸ’œ,0.6808,POSITIVE
contest featured ğŸ¶,0.0,NEUTRAL
use email socialcom,0.0,NEUTRAL
ğŸ”‘ great stuff coach keep ad valuechines gospel song confus devil ğŸ˜‚ version ğŸ˜‚,-0.0772,NEUTRAL
shot by,0.0,NEUTRAL
edit by circl â¤,0.0,NEUTRAL
learn themğŸ™ subscrib ğŸŒâœ¨ retweet,0.0,NEUTRAL
ğŸ˜˜,0.0,NEUTRAL
ğŸ¦š,0.0,NEUTRAL
ğŸŒˆ daili content,0.0,NEUTRAL
ğŸ’¦ person requ have good peopl love,0.7964,POSITIVE
medit awaay,0.0,NEUTRAL
ğŸ™ğŸ™â¤â¤ğŸµğŸ¼ğŸ¥,0.0,NEUTRAL
commission kaby night elf rogu lvl ğŸ˜‰,0.0,NEUTRAL
mcclure ğŸ’–ğŸŒˆğŸ’–ğŸ§¡ğŸ’›ğŸ’šğŸ’™ğŸ’–ğŸŒˆğŸ’–,0.0,NEUTRAL
way get rid temptat yield it,0.0,NEUTRAL
shout shirtğŸ˜©ğŸ”¥ğŸ–¤ğŸ’œ dope artist well go check kiid ou born inâ˜‘ â˜‘ â™¥ miss time one didnt wear mask buy groceriesğŸ˜ƒğŸ™ˆ friendsğŸ‘‡,0.128,NEUTRAL
tyğŸ™ğŸ¤—,0.0,NEUTRAL
birthday babi love youuğŸ’šğŸ’šidk one like well take \ limit peac middl east for one knows could due them xd â›½ âœˆ ğŸ™ ğŸ’€ ğŸš  tokyotower ğŸ‘¥ ğŸ’— ğŸª ğŸš¶ ğŸ‘– ğŸŒ½dont modifi dream fit anyon else standard ğŸ’ªğŸ½ğŸ˜,0.9442,POSITIVE
albeit blustery weekend littl famili â¤ perk special mention end credit ğŸ¬ backer number there could you ğŸ‘‰ ğŸ‘Šcheck product ğŸ˜ rhea exclus backpack ğŸ˜,0.6808,POSITIVE
top product start ,0.2023,NEUTRAL
show ğŸ‘‰ğŸ‘‰ love naughti littl nutcas ğŸ’™ğŸ’™ğŸ’™,0.6369,POSITIVE
phenylthiourea,0.0,NEUTRAL
halfwhisperingly,0.0,NEUTRAL
awesom trend music game,0.0,NEUTRAL
funny exicting challenge,0.4939,POSITIVE
check out ğŸ‘‰til hopğŸ‘ˆ,0.0,NEUTRAL
friday weekend natur best birthdayğŸ¥° support new materi,0.7845,POSITIVE
ğŸ˜‰,0.0,NEUTRAL
ğŸ˜‰,0.0,NEUTRAL
ğŸ˜‰,0.0,NEUTRAL
ğŸ˜‰,0.0,NEUTRAL
ğŸ˜‰,0.0,NEUTRAL
bowielif mar remind dad ğŸ™Œâ¤keep head toward horizon,0.0,NEUTRAL
ğŸ® new youtub vid carniv vlogğŸ¡ğŸ¤ go like comment subscrib pl would mean need good dick ğŸ¤£ pride ğŸ¶ğŸ¾ğŸ’œğŸ’™ğŸ’šğŸ’›ğŸ§¡â¤,0.5423,POSITIVE
love classic msic ,0.6369,POSITIVE
ğŸ˜ğŸ˜ğŸ˜,0.0,NEUTRAL
come stay hous tonight promis make visit memorableğŸ–¤ğŸ¤—ğŸ¤— as awesom trend music game,0.0,NEUTRAL
funny exicting challenge,0.4939,POSITIVE
check out ğŸ‘‰til hopğŸ‘ˆ,0.0,NEUTRAL
awesom trend music game,0.0,NEUTRAL
funny exicting challenge,0.4939,POSITIVE
check out ğŸ‘‰til hopğŸ‘ˆ,0.0,NEUTRAL
support new materi,0.4019,POSITIVE
ğŸ˜‰,0.0,NEUTRAL
ğŸ˜‰,0.0,NEUTRAL
ğŸ˜‰,0.0,NEUTRAL
ğŸ˜‰,0.0,NEUTRAL
ğŸ˜‰,0.0,NEUTRAL
fun ğŸ˜†ğŸ˜†ğŸ˜†ğŸ˜† lishkadish le petit manoi timeâœ¨us code ğŸ‘‰ğŸ»rbcbsmeat checkout get entir purchas redbubbleğŸ’œ stamp leaving,0.5106,POSITIVE
lift spirit beauti sunday afternoon ğŸ™Œ enjoy,0.5994,POSITIVE
ğŸ¶ sing guitarğŸ™ solut baldness worri moreğŸ˜Š call whatsapp,0.0,NEUTRAL
part week hand ğŸ¥°ğŸ¥°ğŸ¥°,0.4939,POSITIVE
mrsallstarunitedst,0.0,NEUTRAL
time next month well reunited ğŸ‘‘â¤ğŸ‘‘,0.2732,NEUTRAL
ğŸ‘ Â©Â® by,0.0,NEUTRAL
avail,0.0,NEUTRAL
youtubemusic imusica amazonmu ğŸ˜‰,0.0,NEUTRAL
pc collagen patch,0.0,NEUTRAL
nature ğŸŒ¹ promo trailer,0.0,NEUTRAL
prevail dark brilliant one ğŸ¤£ğŸ¤£ğŸ¤£,0.5859,POSITIVE
sairoz plea share like ğŸ™‚â¤,0.5719,POSITIVE
sketch syedafatimazehra friendsğŸ‘‡,0.0,NEUTRAL
day reflect worship worship saultry puppi dog beauti brown eyes ğŸ˜» cub ğŸºâ¤ emot,0.5267,POSITIVE
harm,-0.5423,NEGATIVE
ğŸ˜  weaken liver,-0.4215,NEGATIVE
ğŸ˜¥ weaken lung,-0.4215,NEGATIVE
ğŸ˜¢weaken stomach your mine â¤ â–ªjuicyâ–ª awesom trend music game,0.0,NEUTRAL
funny exicting challenge,0.4939,POSITIVE
check out ğŸ‘‰til hopğŸ‘ˆ,0.0,NEUTRAL
oh benyhow make smile ğŸ˜ğŸ˜ğŸ˜sun â˜€ kiss leg sunni ğŸ˜ sunday afternoon,0.6486,POSITIVE
â˜€ toronto get it ğŸ™ŒğŸ»ğŸŒŠğŸ§œâ€â™€ï¸,0.0,NEUTRAL
sunday train dana pt ca,0.0,NEUTRAL
ğŸ’™ğŸ’™ğŸ’™ğŸ’™ğŸ’™ğŸ’™ğŸ’™ğŸ’™ğŸ’™ğŸ’™ğŸ’™,0.0,NEUTRAL
sale current happen ğŸ¤ first ten peopl quiet lazi feel good kinda sundayâ˜ºğŸ’™ okhand share this what happen refuge crisi arguabl evid great  even face,0.8375,POSITIVE
chill day ğŸ˜,0.0,NEUTRAL
day dday,0.0,NEUTRAL
â˜€ poppin care anybodi says ğŸ˜Š,0.4939,POSITIVE
â–ª,0.0,NEUTRAL
â–ª,0.0,NEUTRAL
happening regist summit tune home australia grow âš¡âš¡âš¡,0.0,NEUTRAL
ğŸ™just iv live life need metime quiet downtim natur thingggg bling bloawwww badow owww oouuuuuu lol ğŸ’ğŸ’ğŸ’ğŸ’ğŸ’ğŸ’mus ğŸ“¢âœ¨,0.4215,POSITIVE
ğŸ’ªğŸ¼may relax sundayğŸ¥° â™¥ make perfect momentâ¤,0.765,POSITIVE
ğŸ’• girl read make sad lol peopl realli find much valu thing never thought twice ğŸ¥º east metroid prime beat ğŸ˜‚ğŸ˜‚ğŸ˜‚stop work assist famili see beauty ğŸ˜Š vtbridg,0.5423,POSITIVE
ğŸ¨,0.0,NEUTRAL
bio go run upğŸ”¥ğŸ§¡â­,0.0,NEUTRAL
york vibe ğŸ›¹,0.0,NEUTRAL
video drop ğŸ¥ğŸ”¥ğŸ”¥ğŸ”¥ ğŸ³ï¸â€ğŸŒˆ,-0.2732,NEUTRAL
ğŸŒˆ like da senseless mass shoot make one wonder whatll happen truump outta officeunitedstates wi first time touch dog amaz feeling â¤what post make sure retweet likeğŸ˜ğŸ¤¤ well day water australia,0.6124,POSITIVE
brilliant read,0.5859,POSITIVE
hous fill shadow world hidden dark suddenli reach,0.0258,NEUTRAL
â¤act mari ann,0.0,NEUTRAL
â¡gal badonkadonk,0.0,NEUTRAL
â­art jayge,0.0,NEUTRAL
â­loc eap studio,0.0,NEUTRAL
â­prod eap still kinda drunk home sister friend take eat tell ğŸ¥°ğŸ¥° throwback front yard teddi bear sorenseninstpaul â™¥â™¥ love alway daniel perfect worth ğŸ§¡,0.8977,POSITIVE
prideğŸ³ï¸â€ğŸŒˆâœ¨,0.0,NEUTRAL
love me,0.6369,POSITIVE
love you,0.6369,POSITIVE
love her,0.6369,POSITIVE
love someon,0.6369,POSITIVE
love coz,0.6369,POSITIVE
love anoth girlğŸ’” take breath awayâ¤thi old render mine thought post cuz summer hotğŸ˜…,0.6369,POSITIVE
im realli feel like pool â¤ may commun protect keep safe awesom trend music game,0.7906,POSITIVE
funny exicting challenge,0.4939,POSITIVE
check out ğŸ‘‰til hopğŸ‘ˆ,0.0,NEUTRAL
dad introduc bowi kid brought proper â¤,0.0,NEUTRAL
 dmarcyğŸ˜»ğŸ˜»ğŸ˜»ğŸ˜»ğŸ˜»ğŸ˜»ğŸ˜»,0.0,NEUTRAL
ğŸ‘‘ ğŸ’“ dmarci ğŸ˜½ğŸ˜½ğŸ˜½ğŸ˜½ğŸ˜½ğŸ˜½ğŸ˜½ â¤â¤ happi birthday âœ¨ğŸ’•âœ¨ğŸ˜Šâ˜®â¤ğŸ§˜ğŸ¿â€â™€ï¸ elma hat beach bro right way ğŸ“¦ğŸ“¦âœˆâœˆğŸš›ğŸš› â¤ may commun protect keep safe wait arriv ğŸ¤£ğŸ¤£ğŸ¤£ğŸ¤£ thalapathi fan broâ¤ yourself ğŸ˜‡ğŸ’«ğŸ’•,0.7783,POSITIVE
fun around beauti friendsğŸ’‹ worthi retweet ğŸ’–ğŸ™ ğŸ˜Šwow tit ass thought guy like as well ğŸ˜‚thank love comments good wish dm ğŸ™ğŸ» maddi danger home day love â¤ğŸ§¡ğŸ’›ğŸ’šğŸ’™ğŸ’œğŸ–¤ğŸ¤ğŸ¤ washington dc night aerith tifa ğŸ˜‹,0.9325,POSITIVE
model,0.0,NEUTRAL
see patreon,0.0,NEUTRAL
thank sup date ğŸ’—ğŸ‘»,0.3612,POSITIVE
âœ¨ th pop smoke releas platform porn site  differ type time clock ğŸ‘½â°ğŸ”¥,0.0,NEUTRAL
tap owe noth ğŸŒ´ ğŸŒŸ ğŸ›’,0.0,NEUTRAL
ğŸ˜ğŸŒ´ğŸ›’,0.0,NEUTRAL
terrifi dreams past love wild thing âœ¨ restor look ğŸŒºğŸ™ğŸ¼ğŸ» cute dm wait âœ¨,0.872,POSITIVE
paypal bio,0.0,NEUTRAL
everyon stop today love stream â¤â¤,0.4588,POSITIVE
ğŸ’˜ â¤ ğŸ˜ ğŸ’–beauti ğŸ˜»ğŸ’¦ğŸ’¦ğŸ’¦ mood make new content suggestions ğŸ˜,0.0,NEUTRAL
import thing world famili loveğŸ’ us famili mean put arm around pearson â¤â¤,0.0,NEUTRAL
aaand room martin littl tooth ğŸ˜ğŸ˜ğŸ˜â¤ â¤,0.0,NEUTRAL
mbrace brights never afraid yellow even your asian find beauti color skin tones help he loner goat ğŸ ğŸ± fat ğŸ™ğŸ½who readi fresh weeek  ğŸ™‹ğŸ»â€â™€ï¸ cmon guyzzz excus week let give wee malkovaful updat content â¤,0.4767,POSITIVE
start trade eanr good profits ğŸ‘‰ğŸ’µğŸ’¯,0.7003,POSITIVE
im exhaust look,-0.296,NEUTRAL
ğŸ™„,0.0,NEUTRAL
jeann,0.0,NEUTRAL
horror fam well ğŸ”ªğŸ‘»ğŸ’€ â˜ğŸ¿sickl cell pioneer attn research center jn medic coll crisi current plagu labor party lack stabil case evid inabi someon say itthey come ğŸ™„ smile  believ self âœŠğŸ»âœŠğŸ»âœŠğŸ» uhhh jst need smile tackl situat life â¤â¤â¤ğŸ™ƒğŸ™ƒğŸ™ƒ out only âœ… free ship,0.7269,POSITIVE
pt producedbi outnow ğŸ’¥ğŸ’¥ğŸ’¥ğŸ’¥ hot summer start prospectğŸ’¥,0.0,NEUTRAL
nail tech ğŸ’—ğŸ’—ğŸ’—follow bliss like call loveli view,0.7351,POSITIVE
art patreoncomkeknotesav,0.0,NEUTRAL
shout artistğŸ˜ jnstudioart randomli paint ğŸ¨ beauti piec arti think amaz ğŸ˜ know feel it ride wave grace gratitud compassion excitementğŸ§¬âœ¨ğŸ¦‹,0.7003,POSITIVE
tiger alertğŸš¨ would like welcom connor jone zou connor transfer rockhurst univers noth ğŸ˜œğŸ˜œ,0.3612,POSITIVE
chunki babi ğŸ˜ğŸ˜ğŸ˜ laugh ğŸ˜‚ babi harm make video reason swat chunki leg ğŸŒˆ,0.0258,NEUTRAL
drop handles,-0.2732,NEUTRAL
nowğŸŒsunday chill love one ğŸ’˜ğŸ’–ğŸŒ¹ğŸ’ğŸµğŸ¶ğŸ˜˜ğŸ¥° pool season offici open ğŸ˜„ğŸ˜ğŸŒºğŸ’,0.6369,POSITIVE
â¤ love like do,0.7717,POSITIVE
â˜ğŸ¾â¤ awesom trend music game,0.0,NEUTRAL
funny exicting challenge,0.4939,POSITIVE
check out ğŸ‘‰til hopğŸ‘ˆ,0.0,NEUTRAL
im free fuck hoe make guy pay like retweet ill show love ğŸ’•ğŸ‘…ğŸ˜ˆ favourit moment far name drop ğŸ˜ name superstar never realli play wow reallli like elf design ğŸ˜³ video live  answer question reveal the truth ğŸ¤£ mebut video you get reward ğŸ˜,0.68,POSITIVE
mani heard let know comment names question ask awesom trend music game,0.0,NEUTRAL
funny exicting challenge,0.4939,POSITIVE
check out ğŸ‘‰til hopğŸ‘ˆ,0.0,NEUTRAL
steadi sunday,0.0,NEUTRAL
im go punch sumn ğŸ¥ŠğŸ’¯ğŸ’ªğŸ¿,0.0,NEUTRAL
ğŸ‘•,0.0,NEUTRAL
think favorit one wear ğŸ˜‹ fan block â¤tak care you ğŸ’™,0.3818,POSITIVE
prideğŸ³ï¸â€ğŸŒˆğŸ³ï¸â€ğŸŒˆğŸ³ï¸â€ğŸŒˆ,0.0,NEUTRAL
m cutieğŸ’ right,0.0,NEUTRAL
wanna see cuteness,0.5106,POSITIVE
link bioğŸŒº,0.0,NEUTRAL
shoutout sheinoffici killer tig right dm snapchat ğŸ˜šbest,-0.6486,NEGATIVE
bad none ğŸ’•,-0.5423,NEGATIVE
â¤ ğŸ˜ divin creation ğŸ™ let ğŸ™‚a good laugh long sleep two best cure anything â¤ cardsor cheer friend ğŸ™‚,0.9601,POSITIVE
get freaki free fuck ğŸ˜‚ day ğŸ’€ joe natta horror time ğŸ¥ ğŸ¶ğŸƒ custom make logo client â¤ğŸ™ğŸ»,-0.5994,NEGATIVE
dm get now,0.0,NEUTRAL
need logoâ£,0.0,NEUTRAL
make logo begin bruddağŸ’•ğŸ¤ŸğŸ¾read time ğŸ¥° prideğŸ³ï¸â€ğŸŒˆâœ¨,0.0,NEUTRAL
me bbdollbunbun ğŸ˜ pride ğŸŒˆğŸŒˆğŸŒˆ well yeah need ğŸ˜„ noth beat first run new shoes â¤ğŸƒâ€â™€ï¸ğŸ‰ğŸŒğŸ¶ s broadcast sunday ğŸ’ğŸ¼â€â™€ï¸â˜•,0.6908,POSITIVE
semi new nsfw twt ğŸ’«,0.0,NEUTRAL
lara,0.0,NEUTRAL
sheher,0.0,NEUTRAL
minor dni,0.0,NEUTRAL
small tit ğŸ’,0.0,NEUTRAL
awesom trend music game,0.0,NEUTRAL
funny exicting challenge,0.4939,POSITIVE
check out ğŸ‘‰til hopğŸ‘ˆ,0.0,NEUTRAL
side left complet â­,0.0,NEUTRAL
late ğŸŒˆap clip ğŸ”¥ğŸ”¥,0.0,NEUTRAL
come see,0.0,NEUTRAL
ğŸ”¥ ğŸ”¥,0.0,NEUTRAL
ğŸ’¦,0.0,NEUTRAL
sorri break yall aint oppress shit get fuck life tire bullshit trust this influenc immigr a unfortun result mani time peopl minu one ğŸ™ trust great afternoon ğŸ˜,0.7449,POSITIVE
name songâ—ğŸ‘ğŸ¥ğŸ† mo,0.0,NEUTRAL
late ğŸŒˆap clip ğŸ”¥ğŸ”¥,0.0,NEUTRAL
come see,0.0,NEUTRAL
ğŸ”¥ ğŸ”¥,0.0,NEUTRAL
ğŸ’¦,0.0,NEUTRAL
prideğŸ³ï¸â€ğŸŒˆâœ¨,0.0,NEUTRAL
shocking best thing world peac amazingli thicc ladi parliament rawr bad ğŸ½ ğŸ‹ ğŸš² ğŸ’© ğŸ§ ğŸŒ ğŸ‘“ ğŸ’ ğŸ’„ ğŸŒ¾ ğŸ¸ ğŸ­factsğŸ’¯ğŸ’¯ğŸ’¯stay focus journey peopl alway opinion let dream goal motiv you notic meğŸ˜ªwhat beauti place chose live wow ğŸ¤ŸğŸ’ go take abit work ğŸ’œ,0.5859,POSITIVE
inspir ğŸ™ŒğŸ¼âœ¨,0.0,NEUTRAL
goodnight dream thought xx ğŸ’‹ğŸ˜œâ¤to queen king ğŸ‘‘ ğŸ’– ğŸŒŸ horni come seeğŸ¤¤ nude facetim time call two hour ğŸ˜˜ come let send dm retweet like ill respond â˜ºğŸ¤ª green tea lip balm make aloha youğŸŒ¸ğŸŒ±ğŸŒ´ğŸğŸŒ‹,0.1779,NEUTRAL
monday everyone ğŸ˜Šâœ´ğŸŒ·b kind take break,0.5267,POSITIVE
click learn ğŸ”‹,0.0,NEUTRAL
guy sale happening limit time â¤ğŸ‘ğŸ˜˜ days,0.0,NEUTRAL
colour beauti place chose live wow ğŸ¤ŸğŸ’ deserv life tri enjoy day ğŸ™‚ wish moment like could last forever im bless grateful happi sunday everyone much loveâ¤ğŸ’¯ pride day ğŸ³ï¸â€ğŸŒˆ ğŸŒˆ,0.9607,POSITIVE
year older anoth year wiser â¤ everyon christmastreeâ¤christmastreeâ¤christmastreeâ¤,0.296,NEUTRAL
happi birthday mom ğŸ’ğŸ‚ğŸğŸ’™,0.0,NEUTRAL
honor ğŸ‰ğŸ‰ğŸ‰,0.4939,POSITIVE
cant wait tast bootyholeğŸ¥°ğŸ˜‹â­ work progress minut session just put flow down ğŸŠ see potenti th babi ğŸ˜œ,0.4215,POSITIVE
grate anoth year lifeğŸ™ŒğŸ½ğŸ™ŒğŸ½ especi,0.0,NEUTRAL
â¤ âœŒğŸ½and work challeng someth exercis bike ğŸš²,0.0,NEUTRAL
check content,0.0,NEUTRAL
ğŸ–¤ come visit ,0.0,NEUTRAL
ğŸŒˆ,0.0,NEUTRAL
âœ¨,0.0,NEUTRAL
day ğŸ’•ğŸŒ»,0.0,NEUTRAL
ğŸŒ»,0.0,NEUTRAL
ğŸŒ»,0.0,NEUTRAL
ğŸŒ»,0.0,NEUTRAL
ğŸŒ»,0.0,NEUTRAL
way america ğŸ’•unitedstates let  grrrrrrrr,0.0,NEUTRAL
need ourselves beauti uniqueğŸ™‚ğŸ¥°â¤okbutton bet problem hous rep arguabl lack posit polici issu today go queen king ğŸ‘‘ ğŸ’– ğŸŒŸ babysğŸ˜Ši sell nude video cheap verifi legit âœ…in profile,-0.6124,NEGATIVE
negoci pri awesom trend music game,0.0,NEUTRAL
funny exicting challenge,0.4939,POSITIVE
check out ğŸ‘‰til hopğŸ‘ˆ,0.0,NEUTRAL
find local flower nurseri ğŸŒµğŸŒ¿,0.0,NEUTRAL
look me,0.0,NEUTRAL
she babi ğŸ¥ºğŸ¥º someon say nick cannon hour respond ğŸ“· per taylordorothea ğŸ‘ğŸ¿ğŸ‘ğŸ¿ğŸ‘ğŸ¿,0.0,NEUTRAL
teaser usual sound squirt ğŸ˜ˆ,-0.25,NEUTRAL
night ğŸ˜ğŸ”« summerville south carolina joyğŸ¥°what awesom trend music game,0.0,NEUTRAL
funny exicting challenge,0.4939,POSITIVE
check out ğŸ‘‰til hopğŸ‘ˆ,0.0,NEUTRAL
last sunday june summer get started ğŸ˜ spend sunday famili friend winer acupunctur help feel amaz picture works,0.7096,POSITIVE
ğŸ‘ğŸ‘ğŸ‘ğŸ‘ğŸ‘ğŸ‘ğŸ‘,0.0,NEUTRAL
back ğŸ’…ğŸ‘®â€â™€ï¸ğŸ‘¨ğŸ»â€ğŸ­ğŸ‘®â€â™‚ï¸ ğŸ’© âœŠğŸ¾,0.0,NEUTRAL
check content,0.0,NEUTRAL
ğŸ–¤ come visit ,0.0,NEUTRAL
ğŸŒˆ,0.0,NEUTRAL
âœ¨,0.0,NEUTRAL
beauti yellow diamond make perfect engag ring ğŸ’› street call,0.7269,POSITIVE
hustl dummiesglobeshowingamericasğŸ’šğŸ’°,0.0,NEUTRAL
mad caus get money,-0.4939,NEGATIVE
anit fault nigga bummi see explicit contentsubscrib onlyfans ğŸ’œ your read this sign never give keep push whatev may experiencing â¤ wetğŸ’¦ğŸ˜œ,-0.4019,NEGATIVE
nudes,0.0,NEUTRAL
facetim hours,0.0,NEUTRAL
hour facetime,0.0,NEUTRAL
let great timeğŸ˜‰ğŸ˜˜ğŸ¤¤,0.6249,POSITIVE
whatev make smile ğŸ˜€ ğŸ¥Š miketyson nowadays what happen scientolog sadli fault sale weapon small african ğŸŒâœ¨ğŸ¥€,-0.34,NEGATIVE
day stream thank â™¥ much guy love support â™¥,0.8555,POSITIVE
cant believ tbh,0.0,NEUTRAL
goal connect inner life power passion principletheyr fuel blazer mid vintag,0.4588,POSITIVE
born ğŸ™,0.0,NEUTRAL
ride cockğŸ”¥,0.0,NEUTRAL
roundtrip flight ,0.0,NEUTRAL
book flight today âœˆ,0.0,NEUTRAL
wrap bday celebr ğŸ‰,0.0,NEUTRAL
best gift ğŸ money cant buy,0.7964,POSITIVE
im grate whov â¤â¤â¤,0.0,NEUTRAL
video show vinyl stickerslabel waterproof,0.0,NEUTRAL
need quot vin iv get get get it put you ğŸ˜œğŸ˜ğŸ™ŒğŸ½ active ğŸ’•,0.4019,POSITIVE
boost twitter audienc fast â©â©â©,0.4019,POSITIVE
ğŸ‘‰ turn notif onarrow,0.0,NEUTRAL
ğŸ”„ drop name comment sta get pack ecigarett esmoke spread ğŸŒˆ,-0.2732,NEUTRAL
ğŸ“²send nude dm specialsğŸ†ğŸ†,0.0,NEUTRAL
platform provid endless content ğŸ†ğŸ†,0.0,NEUTRAL
live channels,0.0,NEUTRAL
âš½âš¾ğŸ€ğŸˆ,0.0,NEUTRAL
ğŸ¥Š,0.0,NEUTRAL
ğŸ‘ª eye kitti ğŸ’šğŸˆ,0.0,NEUTRAL
talk flip rentals,0.0,NEUTRAL
ğŸ’¥,0.0,NEUTRAL
let know questions tri answer themğŸ’ƒ,0.0,NEUTRAL
ğŸ’• comment one today ,0.0,NEUTRAL
thank sharing,0.6486,POSITIVE
well open tf back upğŸ˜© ,0.2732,NEUTRAL
daysâ° stay time singl ğŸ’– anticip kill ğŸ¥° drop grandma wed band resiz wear daili alway ğŸ¥° awesom trend music game,-0.7783,NEGATIVE
funny exicting challenge,0.4939,POSITIVE
check out ğŸ‘‰til hopğŸ‘ˆ,0.0,NEUTRAL
cake big prayer ğŸâ¤ mom turn year young today ğŸµ truestream go off lit best support group around ğŸ‘ŠğŸ½âœŒğŸ½ bless upi look someon nail ğŸ˜Š dm your interest cost around tip hell get boat homieâ›µ win this th place nah man get boats hear out american dream wage gap case tim tam xd ğŸ ğŸƒ japanesefreeofchargebutton ğŸ­ ğŸ‘½ ğŸ™Œ âœˆ ğŸš— ğŸ ğŸš‹ ğŸ’« ğŸ‘good day ğŸ’•ğŸŒ»,0.946,POSITIVE
ğŸŒ»,0.0,NEUTRAL
ğŸŒ»,0.0,NEUTRAL
ğŸŒ»,0.0,NEUTRAL
ğŸŒ»,0.0,NEUTRAL
want hear story ğŸ“š,0.0772,NEUTRAL
lil bro sent good video lmao ğŸ¤£ spend night alon haunt abandon mansion ğŸ‘»,0.296,NEUTRAL
gruel nighter observ day rest back count final product someth newâ„,0.0,NEUTRAL
â„w go frostyâ„,0.0,NEUTRAL
like big butt ğŸ¶,0.3612,POSITIVE
like itğŸ¥º,0.3612,POSITIVE
dangerous beauti tooâ¤ today sun corona â˜€ğŸŒ¤,-0.4767,NEGATIVE
arti episod,0.0,NEUTRAL
ğŸ™Œ ğŸ™Œ ğŸ™Œ dog thing enjoy sceneryğŸ¾ğŸ¾ love sound river,0.8126,POSITIVE
ğŸ™ğŸ» did work challeng someth km exercis bike ğŸš² dick pic rate,-0.5106,NEGATIVE
hot guy ğŸ¥°âœ¨,0.0,NEUTRAL
night,0.0,NEUTRAL
â£ perch love home preciou ğŸ„,0.6369,POSITIVE
â¤lik ğŸ”„retweet someth newâ„,0.0,NEUTRAL
â„w go frostyâ„,0.0,NEUTRAL
readi mingle alreadi start make friend hereğŸ’ªğŸ¼,0.4939,POSITIVE
alway win ğŸŒˆ use code get products âœ¨ readi next step ğŸŒ± team kill one player that meğŸ˜»ğŸš¨okhandlightskintone,-0.2263,NEUTRAL
alway win ğŸŒˆ use code get products âœ¨ readi next step ğŸŒ± ğŸŒ»,0.5859,POSITIVE
photog cred good day todayğŸ’šğŸƒ,0.4404,POSITIVE
get wanktributeğŸ˜© ğŸŒ… good day swim ğŸŠâ€â™‚ï¸ anyon wanna join me,0.6249,POSITIVE
love park right lap even tho im get big it ğŸ˜ğŸ¾ğŸ’œğŸ¥° get great tit okhandğŸ’¦ğŸ’¦ğŸ”¥,0.8519,POSITIVE
could id buy house would you ğŸ˜,0.0,NEUTRAL
repost,0.0,NEUTRAL
menchi katsu sandwich ğŸ”,0.0,NEUTRAL
ground meat cutlet,0.0,NEUTRAL
look this,0.0,NEUTRAL
flavor meat immedi fill mouthğŸ¤¤ sure manipul im it im way over ğŸ˜ğŸ˜ğŸ˜,0.3182,POSITIVE
blessed,0.5994,POSITIVE
walk round blessed,0.5994,POSITIVE
ğŸ™ŒğŸ¾â™¥mi angel name dora ğŸˆ,0.0,NEUTRAL
helsinki grate bit nature paradis back yard enjoy ğŸ˜ğŸŒ…,0.4939,POSITIVE
get physical ğŸ’ª find someon play,0.34,POSITIVE
share,0.296,NEUTRAL
dinosaur masksâ£â£,0.0,NEUTRAL
link bio facebook pageğŸ‘ğŸ¼,0.0,NEUTRAL
twin anarchi joy need today â¤ even walk connie snake ğŸ great idea bring commun together movi pretti excellent cant find stream anywhere old school treasur ğŸ”¥ play fetch ğŸŒ» ğŸ¶,0.9325,POSITIVE
stream juni,0.0,NEUTRAL
ğŸ¥°ğŸ¥°,0.0,NEUTRAL
link bio facebook pageğŸ‘ğŸ¼,0.0,NEUTRAL
twin anarchi,0.0,NEUTRAL
girl love get wet,0.6369,POSITIVE
ğŸ’šğŸ’‹,0.0,NEUTRAL
relax corazon ğŸ˜,0.4404,POSITIVE
focker new sequel im watch youğŸ™lol plz censor way â‰ ,-0.4019,NEGATIVE
dtrump butt ,0.0,NEUTRAL
s broadcast day defeat over ğŸ”¥ legit  add well look buy wast timeğŸ™„ realli need money follow ill postğŸ¤ª stream juni,-0.5719,NEGATIVE
share this limit newscorp unfortun indic vaccin  bad  â­ â˜” ğŸ‘£ â†– ğŸˆ ğŸ¢ ğŸš› japanesebargainbutton ğŸš¨ ğŸ‘ ğŸ¡ ğŸ‘¹sunday fundayğŸ˜œ dick pic rate,-0.6808,NEGATIVE
hot guy ğŸ¥°âœ¨,0.0,NEUTRAL
collect ğŸ”¥,0.0,NEUTRAL
stream juni,0.0,NEUTRAL
gift bring joy world,0.7717,POSITIVE
âœunitedstatesğŸ˜,0.0,NEUTRAL
littl smile cost ğŸ¤«,0.3612,POSITIVE
love,0.6369,POSITIVE
â¤ğŸ§¡ğŸ’›ğŸ’šğŸ’™ğŸ’œğŸ–¤ğŸ¤ğŸ¤,0.0,NEUTRAL
collar differ plastt positions ğŸ˜‰ oc cant help itğŸ˜­ğŸ’” street mural student honor,0.2363,NEUTRAL
ğŸ—£express voic ğŸ‘¥ğŸ¨ next day ill share bed penni lane mullan ğŸ¶â¤,-0.1531,NEUTRAL
staycat rentsğŸŒ»,0.0,NEUTRAL
tap â˜€ i offer ğŸ‘‰ diamond ğŸ’ membership bring success prosper next year â¤ğŸ‘‘ğŸ¤ŸğŸ¾mommi girl quarantin picnic room best time boy allowed â¤ğŸ¥°ğŸ‡ğŸ¥•ğŸ“ dick pic rate,0.7906,POSITIVE
hot guy ğŸ¥°âœ¨,0.0,NEUTRAL
celebr pridelov ğŸ‘¬ğŸ‘­,0.0,NEUTRAL
who alreadi get,0.0,NEUTRAL
ğŸ™‚ğŸ™‚ğŸ™‚ğŸ™‚ man look like give nice hug ğŸ¤—new short stori ğŸ˜ crew one want connect daily,0.8271,POSITIVE
awesom trend music game,0.0,NEUTRAL
funny exicting challenge,0.4939,POSITIVE
check out ğŸ‘‰til hopğŸ‘ˆ,0.0,NEUTRAL
pride,0.34,POSITIVE
ğŸŒˆ,0.0,NEUTRAL
profile look hot horni ğŸ™ŠğŸ¥µğŸ¥µwhat awesom trend music game,0.0,NEUTRAL
funny exicting challenge,0.4939,POSITIVE
check out ğŸ‘‰til hopğŸ‘ˆ,0.0,NEUTRAL
photoshop ğŸ‘€,0.0,NEUTRAL
ğŸ˜’what awesom trend music game,0.0,NEUTRAL
funny exicting challenge,0.4939,POSITIVE
check out ğŸ‘‰til hopğŸ‘ˆ,0.0,NEUTRAL
is ğŸ˜,0.0,NEUTRAL
love â¤ mom aunt two best peopl know mom back surgeri hi willow im sorri feel well ğŸ¤• big fat paw hug you ğŸ¾ hope feel favorit quotes,0.9477,POSITIVE
life ğŸ¤‘ğŸ’°ğŸ’°ğŸ’°ğŸ’°,0.0,NEUTRAL
awesom trend music game,0.0,NEUTRAL
funny exicting challenge,0.4939,POSITIVE
check out ğŸ‘‰til hopğŸ‘ˆ,0.0,NEUTRAL
trivia love namjoon hit differ pm sunni day good vibe ğŸ˜ŒğŸ˜ŒğŸ’œğŸ’œ pride bitch ğŸ–¤ğŸ¤â¤ğŸ§¡ğŸ’›ğŸ’šğŸ’™ğŸ’œ look âœ‚,0.6908,POSITIVE
peopl tell cant see anyth good career futureğŸ¤·â€â™‚ï¸ğŸ¤¦â€â™‚ï¸ give hugğŸ¤¼â€â™‚ï¸ğŸ¤ tell mississippi elect commissionerğŸ˜±,-0.3412,NEGATIVE
happi birthday yearold augie ğŸ¾ğŸ¶â¤,0.0,NEUTRAL
crash ğŸ™ğŸ½,-0.4019,NEGATIVE
prepğŸ’ªğŸ—ğŸ‘Š,0.0,NEUTRAL
know iv wait whole exosc comeback plan thingy,0.0,NEUTRAL
work late wife bed tea pictur like ğŸ¤¤ğŸ‘,0.3612,POSITIVE
propheci what next love â™¥ aboard beauti ladi beauti family ğŸ˜âœŒ nockamixon state park beautyğŸ˜ set up time tune up ğŸ¥ seafoam pdpdrums load content  enjoy yall man time famili â¤ğŸ¤ğŸ½what ot winnerğŸ¤·ğŸ»â€â™‚ï¸ pizza cours ğŸ˜‹ gang ğŸ”¥ dgl showin out hot hot hot,0.8176,POSITIVE
fulla talent people sleep em,0.4215,POSITIVE
salut who alreadi get,0.0,NEUTRAL
ğŸ™‚ğŸ™‚ğŸ™‚ğŸ™‚ğŸ™‚,0.0,NEUTRAL
see fat ass click link sub onlyfansğŸ§šğŸ»â€â™‚ï¸ğŸ’š ask deadlin sunday,-0.5423,NEGATIVE
nigga get ahead yall selves ğŸ¤£ğŸ¤£ğŸ˜­ğŸ¤¬ yell ,0.0,NEUTRAL
cuties ğŸ’—ğŸ’™ğŸ summercamp schedul monday ğŸ’œ,0.4939,POSITIVE
sign up infos,0.0,NEUTRAL
ask new idea sunday,0.0,NEUTRAL
tan line make â¤â¤ marietta georgia glimps farther future oujia tee ğŸ‘ğŸ“,0.0,NEUTRAL
know neither there mesmer video majest creatures ğŸ‹ğŸ³ğŸ‹ğŸ³ğŸ‹ğŸ³ get retweet post ill pick random person like post whatev sayğŸ˜ŸğŸ™‚ plea resign pleaseeeeeeee ğŸ¤¢ ask team meet sunday,-0.4019,NEGATIVE
florida heat joke ğŸ˜«ğŸ”¥ğŸ”¥ğŸ”¥â˜€ man gift make room prov ğŸ™ğŸ¾ğŸ’¯ togeth ğŸ’ªğŸ½â¤ nail big smile love morn routin dick pic rate,0.8176,POSITIVE
hot guy ğŸ¥°âœ¨,0.0,NEUTRAL
two pandemic graci labcattl dog mix happi bullterrier ğŸ•ğŸ•ğŸ‘ pl ğŸ˜› plea retweet media onesid view mental defici rife corrupt due lac big white cake clapğŸ‘ğŸ‘…ğŸ’¦,0.0,NEUTRAL
twitter,0.0,NEUTRAL
pornhubpawgbuttwoman,0.0,NEUTRAL
bdsmlr ifollowback,0.0,NEUTRAL
ğŸ‘‡,0.0,NEUTRAL
â›ˆ,0.0,NEUTRAL
â›ˆ toilet casual masturb ğŸ¤·ğŸ½â€â™‚ï¸ sunday ğŸ˜„ğŸ‘‹ğŸ¼ love brunch king ğŸ‘‘ still birthday month â˜ºğŸ¥°,0.7184,POSITIVE
god keep promis concern marri life,0.2732,NEUTRAL
soon auntyğŸ˜ŒğŸ˜Œcom chill usğŸ˜ link bio,0.0,NEUTRAL
wow max lucki that brilliant ye defo caught ur good side ğŸ¤ªğŸ˜ğŸ‘ğŸ»okhandlightskintone creampi ğŸ˜®,0.8885,POSITIVE
full video,0.0,NEUTRAL
watch mani video on want play ğŸ˜»ğŸ˜»ğŸ˜»,0.4019,POSITIVE
late ğŸŒˆap clip ğŸ”¥ğŸ”¥,0.0,NEUTRAL
come see,0.0,NEUTRAL
ğŸ”¥ ğŸ”¥,0.0,NEUTRAL
ğŸ’¦,0.0,NEUTRAL
know iv wait whole exosc comeback plan thingy,0.0,NEUTRAL
thank,0.3612,POSITIVE
im ur super support ğŸ’¯ğŸ¤ğŸ’¯,0.765,POSITIVE
murder ğŸ˜®dont miss,-0.743,NEGATIVE
great offer ğŸ˜Šyour crazy,0.4019,POSITIVE
sometim hard grasp thing wev condit believe,-0.1027,NEUTRAL
se dark netflix,0.0,NEUTRAL
ğŸ˜³ğŸ‘‘ğŸ‘‘,0.0,NEUTRAL
ğŸ‘‰ ğŸ‘ˆ,0.0,NEUTRAL
look big titti big nippl ğŸ˜ğŸ˜ğŸ˜,0.0,NEUTRAL
now go meet ğŸš‚ ğŸ·ğŸ§šâ€â™€ï¸ today wonder basket put good use sinc dick like ğŸ˜«ğŸ˜‚ğŸ˜‹ click link bio ğŸ˜ğŸ¤¤ think next week meal plan ğŸ¤£ğŸ˜‹ hot damn love food thank everyon amaz support youğŸ’•,0.8316,POSITIVE
live entspannt rund morgen fortnit chapter season know goo goo speechless ğŸ’•,0.0,NEUTRAL
belov,0.0,NEUTRAL
ğŸŒ·,0.0,NEUTRAL
ğŸ’–,0.0,NEUTRAL
andamaina pre twitter im ğŸ˜‚damn guy want huh ğŸ˜€ fuck love everyth babe special yummi hot ğŸ‘ğŸ˜ğŸ˜ˆ shop doubt ğŸ˜ŠğŸ˜‰ğŸ˜â¤,0.296,NEUTRAL
new post daily ğŸ’ªğŸ‹ğŸ’¦ pink sunset cloudi skyâ˜€â˜,0.0,NEUTRAL
photo by joseph hillğŸ™‚ğŸ“¸â˜€â˜,0.0,NEUTRAL
knowledg ğŸ™ŒğŸŒºonlyfansğŸŒº,0.0,NEUTRAL
filipina colombiana uk,0.0,NEUTRAL
ğŸŒºdaili nude,0.0,NEUTRAL
ğŸŒºpanti sale,0.0,NEUTRAL
ğŸŒºkinkfetish luck jonlet fuck go boysğŸ‘Šmodel two words,-0.128,NEUTRAL
ğŸ“¸ via nudes dm meğŸ’¦ stubborn sassy humansâ¤happi announc short film infern requiem offici select fipili horror festivalğŸ“½ fuck lesbian sam belong quinn ğŸ˜¡ love prize ğŸ– â˜€ ğŸŒº ğŸŒ¸ â¤ ğŸŒŸ happili liking retweet following thank start soon,0.4215,POSITIVE
sell pic vid nowğŸ–¤,0.0,NEUTRAL
dm pricesâ£,0.0,NEUTRAL
âœ¨âœ¨,0.0,NEUTRAL
bless ğŸ™ğŸ½ğŸ˜‰ camden new jersey amount joy get your around way photo could explain ğŸ¤ must watch food ğŸ¥˜ youll safe long dont rank,0.8591,POSITIVE
ifollowback,0.0,NEUTRAL
ğŸŒ†follow allğŸŒ†,0.0,NEUTRAL
ğŸ‘‡,0.0,NEUTRAL
ğŸ’ğŸ’«ğŸ’ğŸ’«ğŸ’ğŸ’«ğŸ’ğŸ’«ğŸ’,0.0,NEUTRAL
â¤,0.0,NEUTRAL
â¤,0.0,NEUTRAL
en ferrol spain delici ğŸ– â˜€ ğŸŒº ğŸŒ¸ â¤ ğŸŒŸ happili liking retweet following thank click learn first set normal girl cloth today rt want see skirtğŸ˜‰,0.6705,POSITIVE
free ship,0.5106,POSITIVE
know downfal titan mindblowingli due greatli underappreci tokyotower ğŸ‘Š âœ‹ ğŸ‘™ ğŸŒŸ ğŸ— ğŸ‘ˆ ğŸ  ğŸ’’ ğŸš¢claim day free trial hit link bio uncensor pic vid ğŸ˜»ğŸ’–ğŸ’¦ awesom trend music game,0.5106,POSITIVE
funny exicting challenge,0.4939,POSITIVE
check out ğŸ‘‰til hopğŸ‘ˆ,0.0,NEUTRAL
go atl next month might fli âœˆ aint fli sinc come jamaica jamaica drive everywher ğŸ˜‚ğŸ˜¬ sunday without âš½ğŸŒ´ğŸŒŠâ˜€unitedstates,0.0,NEUTRAL
want free nude stripteas dms ğŸ‘€â¤ receiv ğŸ‘ suffoc big tit ğŸ˜ˆ gorgeou bracelet ğŸ– â˜€ ğŸŒº ğŸŒ¸ â¤ ğŸŒŸ happili liking retweet following thank forget chuchito littl ğŸ˜‰ show love give love get love trust this limit them mindblowingli brainchild mani time tax payer â¬…tap link websit more talk talk pricesğŸ¤­ğŸ”¥,0.9744,POSITIVE
show legs arms armpit whatev want saleğŸ¤­ğŸ”¥ nowğŸ”¥ anoth awesom weekğŸ”¥ day free trial  hen hmm ğŸ¤”,0.5574,POSITIVE
hide spoon hand need stress relief ğŸ˜­ feel like cr life well your happi âœ¨,0.7506,POSITIVE
ur opp bunch queer teenag ğŸ˜¹ ğŸ‘— assur one thing stop wa unfortun evid due altright ğŸ˜¿ â™¨ â¬‡ Â® ğŸŒš â†” âš  ğŸ—¿ ğŸ© ğŸŒ“ ğŸ ğŸ™‰,-0.296,NEUTRAL
ğŸ¨,0.0,NEUTRAL
boy ğŸ˜‹ horni awesom trend music game,0.0,NEUTRAL
funny exicting challenge,0.4939,POSITIVE
check out ğŸ‘‰til hopğŸ‘ˆ,0.0,NEUTRAL
best best ğŸ™Œâ¤ sum dm meğŸ˜’ wanna show titsğŸ™ƒğŸ’¦,0.8555,POSITIVE
free cocktribute wanktribute cumtribut make fake nude ğŸ˜ŠğŸ’¦ğŸ’¦ğŸ’¦,0.0516,NEUTRAL
sale coming fill carts,0.0,NEUTRAL
ğŸŒˆ,0.0,NEUTRAL
welcom ğŸ˜‡ one mani peck promo list berri plea ğŸ“ ğŸ– â˜€ ğŸŒº ğŸŒ¸ â¤ ğŸŒŸ happili liking retweet following thank th conro viru say what need wake ğŸ˜· one listen ğŸ™ğŸ¾,0.6369,POSITIVE
peopl recov million recov ac karen never learn ğŸ¤¦ğŸ¾â€â™‚ï¸ less stream away stream spotifi ğŸ‰ realli nice hope keep momentum complet studio setup okhandmediumlightskintone,0.6908,POSITIVE
gorgeou prize ğŸ– â˜€ ğŸŒº ğŸŒ¸ â¤ ğŸŒŸ happili liking retweet following tha pose ğŸŒ¹oh yeah rip trump great prime minist wev ever ğŸ˜­ğŸ˜­ğŸ˜­ğŸ˜¥ğŸ˜¢ğŸ˜ªğŸ˜¥ğŸ˜¢ğŸ˜¿ğŸ™ğŸ™ğŸ™,0.9062,POSITIVE
collar short daisi top,0.2023,NEUTRAL
price,0.0,NEUTRAL
avail color ğŸ–¤ğŸŒ¼,0.0,NEUTRAL
get discount code floral,0.0,NEUTRAL
shop ğŸ‘‡ğŸ¼ arm that,0.0,NEUTRAL
beauti pose ğŸŒ¹lik want full clip ğŸ’ ğŸ’“,0.0772,NEUTRAL
wanna see nake ğŸ‘‡ monday bless new week ahead ğŸ™âœŒ,0.4215,POSITIVE
pray week shall fill favor breakthrough you get ready ğŸ˜Š,0.7579,POSITIVE
deep last huge look babi cute eye facial expression adorable gabriel moniqu union right ğŸ¤ª mapl syrup butter carrot foil littl salt pepper react wed dress emot,0.8176,POSITIVE
head check outğŸ’ adlifedecis determin destinations ğŸ¯,0.0,NEUTRAL
godâœ countryunitedstates,0.0,NEUTRAL
ladi stand need inspir other ğŸ˜Œsh say boy get phone face ğŸ¤£ special thank peopl support difficult days ğŸ˜ tha love bikini girl ğŸ‘‰ğŸ‘‰ğŸ‘‰,0.8625,POSITIVE
now week discus investig ğŸ‘» click support amaz â¤ğŸ¤ğŸ–¤ğŸ‘‘ beat great weekendand end beauti sunset,0.7783,POSITIVE
ğŸŒ…ğŸŒ„ğŸŒ‡,0.0,NEUTRAL
ğŸ“·,0.0,NEUTRAL
unknown,0.0,NEUTRAL
couldnt say well self,-0.2057,NEUTRAL
losso ğŸ’œâœ¨,0.0,NEUTRAL
rtco im horni ğŸ˜ˆğŸ˜˜challeng yourself download coin puncher ğŸ’° views even raini day ğŸŒˆğŸŒ¤,0.0,NEUTRAL
deep last huge look babi cute eye facial expression adorable gabriel moniqu union new releaseâ—wizard zombi match mac version,0.8176,POSITIVE
visit mac app store download forâ—freeâ— clickco beauti art titl sixth avenu night lagu,0.0,NEUTRAL
chase people yourself thing work hard ğŸ˜€ğŸ“Œ,-0.1027,NEUTRAL
get good head ğŸ˜®ğŸ’¦ğŸ†,0.4404,POSITIVE
sexi content page â¡ â¬… bailey â¤,0.0,NEUTRAL
â¤ check site â¤,0.0,NEUTRAL
im out huh,0.0,NEUTRAL
ğŸ“¸ nascimentophoto,0.0,NEUTRAL
real ğŸ˜³ğŸ¤¯ğŸ˜°ğŸ˜± saw di tweeter end fownd owt fire nite far dar fire nite fire real em berri sc limitationit imagination,-0.7351,NEGATIVE
dont time hour workout everi day oneoclock,0.0,NEUTRAL
read,0.0,NEUTRAL
call ğŸ¡â¤ ğŸ– â˜€ ğŸŒº ğŸŒ¸ â¤ ğŸŒŸ happili liking retweet following thank year still upgrad cloud nine infin ğŸ‘°ğŸ¼ğŸ¤µğŸ» even last goe live uncensor internet browser ğŸŒ via open hour  avail august young woman newlyreleas awesom trend music game,0.6369,POSITIVE
funny exicting challenge,0.4939,POSITIVE
check out ğŸ‘‰til hopğŸ‘ˆ,0.0,NEUTRAL
that right ğŸ‘ğŸ’“ğŸ”¥ğŸ¥°ğŸ˜ŠğŸ’œğŸ’¥ get someth chang,0.0,NEUTRAL
recommend cuillr intelligent balanc electroniqu awesom trend music game,0.6705,POSITIVE
funny exicting challenge,0.4939,POSITIVE
check out ğŸ‘‰til hopğŸ‘ˆ,0.0,NEUTRAL
return hometown year ago today ğŸ¥°,0.0,NEUTRAL
views even raini day ğŸŒˆğŸŒ¤,0.0,NEUTRAL
new video plea check,0.0,NEUTRAL
forget,-0.2263,NEUTRAL
â¤µ,0.0,NEUTRAL
sensualityâœ¨,0.0,NEUTRAL
oil cardboard,0.0,NEUTRAL
xcm,0.0,NEUTRAL
rojÂ©,0.0,NEUTRAL
awesom trend music game,0.0,NEUTRAL
funny exicting challenge,0.4939,POSITIVE
check out ğŸ‘‰til hopğŸ‘ˆ,0.0,NEUTRAL
allow growth prepar futureğŸŒ±,0.5423,POSITIVE
yes gon punch mr free ğŸ¤©ğŸ¤©what awesom trend music game,0.7184,POSITIVE
funny exicting challenge,0.4939,POSITIVE
check out ğŸ‘‰til hopğŸ‘ˆ,0.0,NEUTRAL
dinner âœ¨ nippl pierc tuesday ğŸ˜‡ğŸ”¥ wonder film itğŸ˜…ğŸ¤¤im total horny dm cumshot ğŸ˜˜,0.0,NEUTRAL
tickl share ğŸ˜‚,0.296,NEUTRAL
agrees,0.2023,NEUTRAL
heart urn bracelet,0.0,NEUTRAL
start,0.0,NEUTRAL
carri,0.0,NEUTRAL
shop ğŸ‘‰ğŸ‘‰,0.0,NEUTRAL
hi alex welcom crazi wonder â¤ğŸ‡â˜€ğŸ˜ğŸ¦†,0.0,NEUTRAL
write lace health cost less treat illness ğŸ˜‰,-0.0038,NEUTRAL
sunday friend,0.4939,POSITIVE
ğŸ,0.0,NEUTRAL
ğŸ,0.0,NEUTRAL
ğŸ’¥happi th ğŸ¥°ğŸ’ğŸ½â€â™€ï¸ ğŸ™ğŸ½ madelein carterlic  sweet shareğŸ’™ kno bitchğŸ¥´ğŸ˜‚ğŸ˜‚ hike turkeys ğŸ’— onlyfan guys bbw fat ass post daily ğŸ¥°,-0.128,NEUTRAL
much goodness,0.4588,POSITIVE
ğŸ–¤ come visit ğŸŒˆap ,0.0,NEUTRAL
âœ¨,0.0,NEUTRAL
ğŸ–¤,0.0,NEUTRAL
rock like olymp mons one top sun im share love universe alway uplift see rainbow ğŸŒˆ share this best thing foreign ownership a decade evid trustworthi say k ğŸ¤¯,0.9509,POSITIVE
thank all grind doesnt stop though come ill talk mi origin that perfect â£,0.6472,POSITIVE
if â¤ğŸ’™âœŒğŸ¿âœŒğŸ¾âœŒğŸ½âœŒğŸ¼âœŒğŸ» odysseyauthor via sundayğŸ˜˜ truli inspiration applaud stand strong beliefsunitedstatesunitedstatesunitedstatesunitedstatesunitedstatesbeauti celebr des life today crew ranch ğŸğŸ’– cheer great man friend father ğŸ¤—ğŸ’ visit usâ¤ if â¤ğŸ’™âœŒğŸ¿âœŒğŸ¾âœŒğŸ½âœŒğŸ¼âœŒğŸ» odysseyauthor via support product make indiaindiağŸ™,0.9719,POSITIVE
ğŸ‘ˆ,0.0,NEUTRAL
goodnight gratitud ğŸ™‹â€â™€ï¸,0.0,NEUTRAL
would pleasur share heartfelt gratitud appreci encou necessarili time heartâ¤,0.6908,POSITIVE
daili,0.0,NEUTRAL
sunday june,0.0,NEUTRAL
click ğŸ‘‡ free cancer horoscop moreğŸ™Š push limits,-0.2732,NEUTRAL
ğŸŒˆ ğŸŒˆ ğŸ³ï¸â€ğŸŒˆ new subscrib get first month random discount year,0.0,NEUTRAL
ğŸŒ birthday sale wonder â¤ğŸ”ªğŸƒhorror legend current steam,0.0,NEUTRAL
summer saleğŸƒğŸ”ª check store ğŸŒˆapclip paysout keep clip site âœ¨,0.0,NEUTRAL
â¤ come vi sundayğŸ˜˜,0.0,NEUTRAL
drop handles,-0.2732,NEUTRAL
nowğŸ¤«lab work style alway grate brother mikexkenn ğŸ–¤ ğŸ€ estemichel appreci ğŸ’ªğŸ¾ look forward look todayğŸ’˜ğŸ’š as,0.0,NEUTRAL
free week next lucki subscrib ğŸ’‹ğŸ˜,0.5106,POSITIVE
hopeless broken,-0.7269,NEGATIVE
wait sky,0.0,NEUTRAL
âœ¨,0.0,NEUTRAL
ğŸ˜‚ğŸ˜‚ğŸ˜‚ work hard fence instal stain top fenc rail nowğŸ‘ğŸ‘ğŸ‘ improvem mountain us,0.1027,NEUTRAL
â¤ğŸ˜¢great time fam love alway love  great seafood cookout,0.926,POSITIVE
hondurasğŸ’›ğŸ–¤ğŸ¤unitedstateshonduras,0.0,NEUTRAL
drop handles,-0.2732,NEUTRAL
nowğŸ¤«natur ğŸ˜ŠğŸ˜ŠğŸ˜Š,0.0,NEUTRAL
tk storyğŸ’™,0.0,NEUTRAL
still ur face smile major missing now,0.0772,NEUTRAL
hope nice sunday âœ¨,0.6908,POSITIVE
one im first place yet ğŸ¤”âš” awesom trend music game,0.0,NEUTRAL
funny exicting challenge,0.4939,POSITIVE
check out ğŸ‘‰til hopğŸ‘ˆ,0.0,NEUTRAL
know limit safe space for one knows due greatli underappreci rad ğŸŒ‹ ğŸš† ğŸ ğŸ ğŸ’ª ğŸ‘” ğŸŒ• ğŸ ğŸš‘ okbutton ğŸ° âƒ£pow swim deep ğŸ˜ğŸ§¡ğŸ™ğŸ½ğŸ¤©ğŸŠğŸ¼â€â™€ï¸ yeah keep forgetting,0.6249,POSITIVE
âš â¬‡â¬‡â¬‡â¬‡â¬‡â¬‡â¬‡â¬‡âš ,0.0,NEUTRAL
musicvideo,0.0,NEUTRAL
click link bio,0.0,NEUTRAL
spotif good day â™¥,0.4404,POSITIVE
call potenti new ğŸ“,0.0,NEUTRAL
well do mr black theee brilliantğŸ–¤,0.2732,NEUTRAL
check content,0.0,NEUTRAL
ğŸ–¤ come visit ,0.0,NEUTRAL
ğŸŒˆ,0.0,NEUTRAL
âœ¨,0.0,NEUTRAL
pic video hmu ğŸ˜©ğŸ˜˜,0.0,NEUTRAL
southern rightw,0.0,NEUTRAL
leftist republican,0.0,NEUTRAL
ğŸ¤ stand you brave strong gay equal love â¤ğŸ§¡ğŸ’›ğŸ’šğŸ’™ğŸ’œ love less time talk peopl stori spend make success story ğŸ˜Š,0.9628,POSITIVE
focu ti sweet ğŸ’™ accept power thing world âœŠğŸ½âœŠğŸ» in world anything kind jennif duke lee,0.8402,POSITIVE
ğŸ“·,0.0,NEUTRAL
time curryville ğŸ’š hidden meadows california one mani thing im work,0.0,NEUTRAL
di good derr excus â­•,0.4404,POSITIVE
feat ğŸ’‹,0.0,NEUTRAL
find anywher there music ğŸ¶ mawmaw almost room ğŸ˜‚ wouldnt long shortest i hous again studi maya night ğŸ¦‹ femal embodi busi coachâœ¨ leav week long cashapp want see exclus picsvideosğŸ¤ªğŸ’¦,0.0772,NEUTRAL
first edit familyâ¤,0.0,NEUTRAL
ziya bear rodriguezğŸ¶,0.0,NEUTRAL
kid alway lit this beauti smiles ğŸ’–ğŸ’–ğŸ’–ğŸ’– abso retweet chanc win free trial link ğŸ’¦,0.8807,POSITIVE
terrifi dreams past love wild thing âœ¨ room jimmy âœŒğŸ’œcom soon happen kilt room dude chilling girl get pointğŸ˜‚ link bio sunday mass â›ªğŸ™ st franci de sale roman cathol church awesom trend music game,0.7783,POSITIVE
funny exicting challenge,0.4939,POSITIVE
check out ğŸ‘‰til hopğŸ‘ˆ sunday mass â›ªğŸ™ amaz man ever knew fighter friend father ğŸ’”ğŸ’”ğŸ’” love miss everyday xxxx outfit color her ğŸ˜ awesom trend music game,0.8126,POSITIVE
funny exicting challenge,0.4939,POSITIVE
check out ğŸ‘‰til hopğŸ‘ˆ,0.0,NEUTRAL
nice view ğŸ¤©,0.4215,POSITIVE
think ğŸ’­,0.0,NEUTRAL
thaaisramoss,0.0,NEUTRAL
lucky fruits never far one love ğŸ’ğŸ’ doesnt realiz mani low incom student depend program ğŸ¥´ make make sen plsserbian passion pride serbiağŸ˜ home bore someon talk  let know interest content nude â¤ accord new study issu femin conceiv capitalist pig dog hear uploadğŸ¥°,0.7681,POSITIVE
cheat day lockdown ğŸ˜‹ ğŸ˜… ğŸ© wonder review woman alone thank â¤â¤ğŸ”¥preview one mani thing im work final,-0.3612,NEGATIVE
take back,0.0,NEUTRAL
believ deserv unicorn partner settl company compani abundant ğŸ¦„,0.0,NEUTRAL
start day god everyth flow smoothlyğŸ™,0.2732,NEUTRAL
great monday univers,0.6249,POSITIVE
never old set anoth goal dream new dream cs lewis,0.4588,POSITIVE
happi birthday ğŸ™ğŸ¾ come week one ğŸ¤ come on ive incred patient anxieti roof anyon want canva do privat messag me pick way ğŸ“¸,0.0772,NEUTRAL
smile even cat becom jack ripper ğŸ¤£lol,0.3612,POSITIVE
watch daphne web book trailer,0.0,NEUTRAL
kind yourself least much others happy least happi time allow feel process work wonder,0.8402,POSITIVE
dont tri control thing awesom trend music game,0.0,NEUTRAL
funny exicting challenge,0.4939,POSITIVE
check out ğŸ‘‰til hopğŸ‘ˆ,0.0,NEUTRAL
reason fun way get safe easy ğŸ’ªğŸ¼ anthem,0.8442,POSITIVE
ee woo,0.4767,POSITIVE
ft datuneselfmad,0.0,NEUTRAL
kindli repost ğŸ™,0.0,NEUTRAL
street,0.0,NEUTRAL
alreadi know brotha tryin help get dream  self promo here link dress red velvet instagram post ğŸ˜–ğŸ¤§â¤,0.5719,POSITIVE
ğŸ•Š,0.0,NEUTRAL
four letter word ,0.0,NEUTRAL
 ğŸ¤,0.0,NEUTRAL
month discount throughout year âœ¨,0.0,NEUTRAL
uncensor content requests custom phot want keep touch ğŸ˜©ğŸ˜‚what awesom trend music game,0.0772,NEUTRAL
funny exicting challenge,0.4939,POSITIVE
check out ğŸ‘‰til hopğŸ‘ˆ,0.0,NEUTRAL
nudes dm meğŸ’¦ send way hang there â¤ much love sister,0.6369,POSITIVE
ğŸ–¤â¤ğŸ¦‡â˜ ğŸ’–â£ğŸ™‚ğŸ˜˜ğŸ–¤â¤ğŸ¦‡â˜ ğŸ’–â£ğŸ™‚ğŸ˜˜ ğŸ’š,0.0,NEUTRAL
waifuğŸ˜ğŸ˜ğŸ˜ğŸ˜,0.0,NEUTRAL
goat himself sanobr hit team zoom meet âœ” thank short time get spend togeth week ğŸ’›ğŸ’™ğŸ˜ğŸ˜ğŸ˜ june pm nd birthday ador girl ğŸ‚â¤ scarlett stella ğŸ‚â¤,0.3612,POSITIVE
kid pride day yall ğŸŒˆ chicago illinoi kda ahri ğŸ’œğŸ’œ,0.34,POSITIVE
instagram eveyfoxfireğŸŒ¸,0.0,NEUTRAL
ph solipsisphotographi âœ¨,0.0,NEUTRAL
do today ğŸ’»ğŸ‘ğŸ—¨,0.0,NEUTRAL
awesom trend music game,0.0,NEUTRAL
funny exicting challenge,0.4939,POSITIVE
check out ğŸ‘‰til hopğŸ‘ˆ,0.0,NEUTRAL
becom possibleğŸ’•,0.0,NEUTRAL
ğŸ’•when want certainlyğŸ’•,0.0772,NEUTRAL
ğŸ˜‚,0.0,NEUTRAL
above,0.0,NEUTRAL
face would cum  ğŸ˜ŠğŸ’¦ğŸ’¦,0.0,NEUTRAL
me health others ğŸ™ğŸ½ futur sugar daddi ğŸ˜­ğŸ”¥got make like career tz im gfuel vegan ğŸ’thi life ğŸ€,0.3612,POSITIVE
girl ğŸ‚ğŸ‰ğŸ‘‘ğŸŠ thank god anoth year his abundance ğŸ™ğŸ¾ğŸ™ğŸ¾ğŸ™ğŸ¾ follow im post tit quickğŸ˜–ğŸ¥³ moments,0.5574,POSITIVE
true cigar smokersğŸ’¨ğŸ’¨ğŸ’¨ğŸ’¨ğŸ’¨ğŸ’¨ğŸ’¨ğŸ’¨ğŸ’¨ğŸ’¨ğŸ’¨,0.4215,POSITIVE
gurlğŸŒˆ ğŸ’œğŸ’™ğŸ’šğŸ’›ğŸ§¡â¤ğŸŒˆ,0.0,NEUTRAL
without doubt influenc autism case lack posit polici issu fresh ğŸ˜‹ ğŸ˜‹ healthi delici meal,0.2755,NEUTRAL
sunday june,0.0,NEUTRAL
click ğŸ‘‡ free love horoscop more pictur ğŸ™ŠğŸ¤©ğŸš€,0.8176,POSITIVE
discus thisğŸ‘ğŸ¾,0.0,NEUTRAL
like comment share w friend favorit dessert ğŸ˜‹ğŸ˜ awesom trend music game,0.7845,POSITIVE
funny exicting challenge,0.4939,POSITIVE
check out ğŸ‘‰til hopğŸ‘ˆ,0.0,NEUTRAL
food seoulsouthkoreağŸ˜,0.0,NEUTRAL
bitch ask yeeeeğŸ‡ğŸ‡ğŸ‡ğŸ‡ğŸ‡ğŸ‡ğŸ‡ğŸ‡ğŸ‡ğŸ‡ğŸ‡ğŸ‡alienflow sketch ğŸŒ¸,-0.5859,NEGATIVE
time famili take break crazi bless ğŸ˜ŒğŸ˜Š,0.4215,POSITIVE
dad sister nephew with cream,0.0,NEUTRAL
make ourâ¤swel today read soul touch repli love must great,0.8519,POSITIVE
spent ğŸ’° tri keep name s name secret rt this bad thing syrian civil war last decad exampl queensland  bad ğŸ¢ ğŸŒš ğŸ‚ globeshowingamericas ğŸ‘‰ mensroom ğŸŒˆ ğŸŒ‰ ğŸ—¿ ğŸ‘™ ğŸŒ ğŸ‘˜ğŸ¦‘whi afraid dark lay beyond firelight caus fear feeble pri cant believ left say ğŸ³ï¸â€ğŸŒˆğŸŒˆğŸ‘©â€â¤ï¸â€ğŸ‘©ğŸ‘¨â€â¤ï¸â€ğŸ‘¨ wonder mfâ¤ğŸŸ¨â¬›ğŸŸ¨â¬›ğŸŸ¨â¬›ğŸŸ¨â¬›ğŸŸ¨â¬›ğŸŸ¨â¬›ğŸŸ¨â¬›,-0.9555,NEGATIVE
send pic wivesgf start trade xx ex gf pics singl menblock,0.0,NEUTRAL
happi pride month everyon ğŸ¤ğŸ¤ğŸ–¤ğŸ’™ğŸ’šğŸ’›ğŸ§¡ğŸ’œâ¤,0.34,POSITIVE
s broadcast step make physic fit lifestyle â„¢ see fulli ğŸ’• no ğŸ˜…ğŸ˜…ğŸ˜…,0.0772,NEUTRAL
âœ…us hashtagâœ…,0.0,NEUTRAL
